{
  "model_name": "anthropic/claude-3.5-sonnet",
  "timestamp": "2025-12-15T14:45:59.789725",
  "total_sentences": 10,
  "accuracy": 0.834920634920635,
  "pos_accuracy": 0.9142857142857143,
  "lemma_accuracy": 0.8857142857142857,
  "dep_accuracy": 0.7047619047619048,
  "total_cost_usd": 0.09195600000000001,
  "avg_latency_ms": 2941.4376894632974,
  "error_count": 0,
  "tasks": {
    "pos": {
      "task": "pos",
      "accuracy": 0.9142857142857143,
      "correct": 96,
      "total": 105,
      "cost_usd": 0.029232,
      "avg_latency_ms": 3164.189291000366,
      "errors": 0,
      "first_error": null
    },
    "lemma": {
      "task": "lemma",
      "accuracy": 0.8857142857142857,
      "correct": 93,
      "total": 105,
      "cost_usd": 0.027732,
      "avg_latency_ms": 2316.6919708251953,
      "errors": 0,
      "first_error": null
    },
    "dep": {
      "task": "dep",
      "accuracy": 0.7047619047619048,
      "correct": 74,
      "total": 105,
      "cost_usd": 0.034992,
      "avg_latency_ms": 3343.431806564331,
      "errors": 0,
      "first_error": null
    }
  }
}