{
  "model_name": "google/gemini-2.5-flash",
  "timestamp": "2025-12-15T14:37:11.947507",
  "total_sentences": 10,
  "accuracy": 0.8095238095238094,
  "pos_accuracy": 0.9523809523809523,
  "lemma_accuracy": 0.8571428571428571,
  "dep_accuracy": 0.6190476190476191,
  "total_cost_usd": 0.0050577,
  "avg_latency_ms": 810.6820901234945,
  "error_count": 0,
  "tasks": {
    "pos": {
      "task": "pos",
      "accuracy": 0.9523809523809523,
      "correct": 100,
      "total": 105,
      "cost_usd": 0.0014904,
      "avg_latency_ms": 781.0528039932251,
      "errors": 0,
      "first_error": null
    },
    "lemma": {
      "task": "lemma",
      "accuracy": 0.8571428571428571,
      "correct": 90,
      "total": 105,
      "cost_usd": 0.0015154,
      "avg_latency_ms": 864.6426916122437,
      "errors": 0,
      "first_error": null
    },
    "dep": {
      "task": "dep",
      "accuracy": 0.6190476190476191,
      "correct": 65,
      "total": 105,
      "cost_usd": 0.0020519,
      "avg_latency_ms": 786.3507747650146,
      "errors": 0,
      "first_error": null
    }
  }
}