{
  "model_name": "openai/gpt-5.2-default",
  "timestamp": "2025-12-15T15:02:33.979171",
  "total_sentences": 10,
  "accuracy": 0.8603174603174604,
  "pos_accuracy": 0.9238095238095239,
  "lemma_accuracy": 0.9047619047619048,
  "dep_accuracy": 0.7523809523809524,
  "total_cost_usd": 0.139895,
  "avg_latency_ms": 8925.662660598755,
  "error_count": 0,
  "tasks": {
    "pos": {
      "task": "pos",
      "accuracy": 0.9238095238095239,
      "correct": 97,
      "total": 105,
      "cost_usd": 0.0293545,
      "avg_latency_ms": 5963.510608673096,
      "errors": 0,
      "first_error": null
    },
    "lemma": {
      "task": "lemma",
      "accuracy": 0.9047619047619048,
      "correct": 95,
      "total": 105,
      "cost_usd": 0.026894,
      "avg_latency_ms": 5427.024006843567,
      "errors": 0,
      "first_error": null
    },
    "dep": {
      "task": "dep",
      "accuracy": 0.7523809523809524,
      "correct": 79,
      "total": 105,
      "cost_usd": 0.0836465,
      "avg_latency_ms": 15386.453366279602,
      "errors": 0,
      "first_error": null
    }
  }
}