{
  "model_name": "openai/gpt-5.1-default",
  "timestamp": "2025-12-15T14:58:46.395123",
  "total_sentences": 10,
  "accuracy": 0.853968253968254,
  "pos_accuracy": 0.9238095238095239,
  "lemma_accuracy": 0.8952380952380953,
  "dep_accuracy": 0.7428571428571429,
  "total_cost_usd": 0.150705,
  "avg_latency_ms": 9238.898356755575,
  "error_count": 0,
  "tasks": {
    "pos": {
      "task": "pos",
      "accuracy": 0.9238095238095239,
      "correct": 97,
      "total": 105,
      "cost_usd": 0.0309075,
      "avg_latency_ms": 5040.923023223877,
      "errors": 0,
      "first_error": null
    },
    "lemma": {
      "task": "lemma",
      "accuracy": 0.8952380952380953,
      "correct": 94,
      "total": 105,
      "cost_usd": 0.02269,
      "avg_latency_ms": 3609.285521507263,
      "errors": 0,
      "first_error": null
    },
    "dep": {
      "task": "dep",
      "accuracy": 0.7428571428571429,
      "correct": 78,
      "total": 105,
      "cost_usd": 0.0971075,
      "avg_latency_ms": 19066.486525535583,
      "errors": 0,
      "first_error": null
    }
  }
}