{
  "model_name": "openai/gpt-5.1-low",
  "timestamp": "2025-12-15T14:57:55.670409",
  "total_sentences": 10,
  "accuracy": 0.8412698412698413,
  "pos_accuracy": 0.9238095238095239,
  "lemma_accuracy": 0.8761904761904762,
  "dep_accuracy": 0.7238095238095238,
  "total_cost_usd": 0.093275,
  "avg_latency_ms": 5833.024708429973,
  "error_count": 0,
  "tasks": {
    "pos": {
      "task": "pos",
      "accuracy": 0.9238095238095239,
      "correct": 97,
      "total": 105,
      "cost_usd": 0.0167875,
      "avg_latency_ms": 2876.838517189026,
      "errors": 0,
      "first_error": null
    },
    "lemma": {
      "task": "lemma",
      "accuracy": 0.8761904761904762,
      "correct": 92,
      "total": 105,
      "cost_usd": 0.016470000000000002,
      "avg_latency_ms": 2767.3227310180664,
      "errors": 0,
      "first_error": null
    },
    "dep": {
      "task": "dep",
      "accuracy": 0.7238095238095238,
      "correct": 76,
      "total": 105,
      "cost_usd": 0.0600175,
      "avg_latency_ms": 11854.912877082825,
      "errors": 0,
      "first_error": null
    }
  }
}