{
  "model_name": "openai/gpt-5-nano",
  "timestamp": "2025-12-15T14:52:05.366676",
  "total_sentences": 10,
  "accuracy": 0.7587301587301587,
  "pos_accuracy": 0.8952380952380953,
  "lemma_accuracy": 0.9047619047619048,
  "dep_accuracy": 0.47619047619047616,
  "total_cost_usd": 0.0478034,
  "avg_latency_ms": 38869.49167251587,
  "error_count": 0,
  "tasks": {
    "pos": {
      "task": "pos",
      "accuracy": 0.8952380952380953,
      "correct": 94,
      "total": 105,
      "cost_usd": 0.0073275,
      "avg_latency_ms": 17581.5114736557,
      "errors": 0,
      "first_error": null
    },
    "lemma": {
      "task": "lemma",
      "accuracy": 0.9047619047619048,
      "correct": 95,
      "total": 105,
      "cost_usd": 0.0114336,
      "avg_latency_ms": 28079.134583473206,
      "errors": 0,
      "first_error": null
    },
    "dep": {
      "task": "dep",
      "accuracy": 0.47619047619047616,
      "correct": 50,
      "total": 105,
      "cost_usd": 0.0290423,
      "avg_latency_ms": 70947.8289604187,
      "errors": 0,
      "first_error": null
    }
  }
}