{
  "model_name": "openai/gpt-5.2-low",
  "timestamp": "2025-12-15T15:01:50.920339",
  "total_sentences": 10,
  "accuracy": 0.8634920634920635,
  "pos_accuracy": 0.9238095238095239,
  "lemma_accuracy": 0.8952380952380953,
  "dep_accuracy": 0.7714285714285715,
  "total_cost_usd": 0.108073,
  "avg_latency_ms": 8141.128547986348,
  "error_count": 0,
  "tasks": {
    "pos": {
      "task": "pos",
      "accuracy": 0.9238095238095239,
      "correct": 97,
      "total": 105,
      "cost_usd": 0.0225785,
      "avg_latency_ms": 4595.785164833069,
      "errors": 0,
      "first_error": null
    },
    "lemma": {
      "task": "lemma",
      "accuracy": 0.8952380952380953,
      "correct": 94,
      "total": 105,
      "cost_usd": 0.021308,
      "avg_latency_ms": 4380.019187927246,
      "errors": 0,
      "first_error": null
    },
    "dep": {
      "task": "dep",
      "accuracy": 0.7714285714285715,
      "correct": 81,
      "total": 105,
      "cost_usd": 0.0641865,
      "avg_latency_ms": 15447.58129119873,
      "errors": 0,
      "first_error": null
    }
  }
}