{
  "model_name": "openai/gpt-5.2-xhigh",
  "timestamp": "2025-12-15T15:30:27.380752",
  "total_sentences": 10,
  "accuracy": 0.873015873015873,
  "pos_accuracy": 0.9523809523809523,
  "lemma_accuracy": 0.9047619047619048,
  "dep_accuracy": 0.7619047619047619,
  "total_cost_usd": 1.216747,
  "avg_latency_ms": 88482.53514766693,
  "error_count": 0,
  "tasks": {
    "pos": {
      "task": "pos",
      "accuracy": 0.9523809523809523,
      "correct": 100,
      "total": 105,
      "cost_usd": 0.0952805,
      "avg_latency_ms": 26129.106092453003,
      "errors": 0,
      "first_error": null
    },
    "lemma": {
      "task": "lemma",
      "accuracy": 0.9047619047619048,
      "correct": 95,
      "total": 105,
      "cost_usd": 0.16020199999999998,
      "avg_latency_ms": 35827.2887468338,
      "errors": 0,
      "first_error": null
    },
    "dep": {
      "task": "dep",
      "accuracy": 0.7619047619047619,
      "correct": 80,
      "total": 105,
      "cost_usd": 0.9612645,
      "avg_latency_ms": 203491.210603714,
      "errors": 0,
      "first_error": null
    }
  }
}