{
  "model_name": "openai/gpt-5.2-default",
  "timestamp": "2025-12-14T20:07:36.035931",
  "total_sentences": 10,
  "accuracy": 0.8476190476190476,
  "pos_accuracy": 0.9238095238095239,
  "lemma_accuracy": 0.8761904761904762,
  "dep_accuracy": 0.7428571428571429,
  "total_cost_usd": 0.17390450000000002,
  "avg_latency_ms": 6456.5444231033325,
  "error_count": 0,
  "tasks": {
    "pos": {
      "task": "pos",
      "accuracy": 0.9238095238095239,
      "correct": 97,
      "total": 105,
      "cost_usd": 0.0329175,
      "avg_latency_ms": 3553.230667114258,
      "errors": 0,
      "first_error": null
    },
    "lemma": {
      "task": "lemma",
      "accuracy": 0.8761904761904762,
      "correct": 92,
      "total": 105,
      "cost_usd": 0.034804,
      "avg_latency_ms": 3719.1470623016357,
      "errors": 0,
      "first_error": null
    },
    "dep": {
      "task": "dep",
      "accuracy": 0.7428571428571429,
      "correct": 78,
      "total": 105,
      "cost_usd": 0.106183,
      "avg_latency_ms": 12097.255539894104,
      "errors": 0,
      "first_error": null
    }
  }
}