{
  "model_name": "x-ai/grok-4.1-fast",
  "timestamp": "2025-12-15T15:46:37.014677",
  "total_sentences": 10,
  "accuracy": 0.8063492063492063,
  "pos_accuracy": 0.9142857142857143,
  "lemma_accuracy": 0.8761904761904762,
  "dep_accuracy": 0.6285714285714286,
  "total_cost_usd": 0.02605175,
  "avg_latency_ms": 28114.554580052692,
  "error_count": 0,
  "tasks": {
    "pos": {
      "task": "pos",
      "accuracy": 0.9142857142857143,
      "correct": 96,
      "total": 105,
      "cost_usd": 0.005750900000000001,
      "avg_latency_ms": 18774.054789543152,
      "errors": 0,
      "first_error": null
    },
    "lemma": {
      "task": "lemma",
      "accuracy": 0.8761904761904762,
      "correct": 92,
      "total": 105,
      "cost_usd": 0.00592955,
      "avg_latency_ms": 20557.040119171143,
      "errors": 0,
      "first_error": null
    },
    "dep": {
      "task": "dep",
      "accuracy": 0.6285714285714286,
      "correct": 66,
      "total": 105,
      "cost_usd": 0.0143713,
      "avg_latency_ms": 45012.56883144379,
      "errors": 0,
      "first_error": null
    }
  }
}