{
  "model_name": "mistralai/mistral-medium-3.1",
  "timestamp": "2025-12-15T16:25:11.339781",
  "total_sentences": 10,
  "accuracy": 0.7365079365079366,
  "pos_accuracy": 0.9428571428571428,
  "lemma_accuracy": 0.819047619047619,
  "dep_accuracy": 0.44761904761904764,
  "total_cost_usd": 0.0056892,
  "avg_latency_ms": 3469.661315282186,
  "error_count": 0,
  "tasks": {
    "pos": {
      "task": "pos",
      "accuracy": 0.9428571428571428,
      "correct": 99,
      "total": 105,
      "cost_usd": 0.0018164000000000001,
      "avg_latency_ms": 1517.4453020095825,
      "errors": 0,
      "first_error": null
    },
    "lemma": {
      "task": "lemma",
      "accuracy": 0.819047619047619,
      "correct": 86,
      "total": 105,
      "cost_usd": 0.0016723999999999999,
      "avg_latency_ms": 1525.036883354187,
      "errors": 0,
      "first_error": null
    },
    "dep": {
      "task": "dep",
      "accuracy": 0.44761904761904764,
      "correct": 47,
      "total": 105,
      "cost_usd": 0.0022004,
      "avg_latency_ms": 7366.501760482788,
      "errors": 0,
      "first_error": null
    }
  }
}